23301757812,0.0171205,-0.0137724,-0.0306022
23319335937,0.0171205,-0.0137724,-0.0306022
23336914062,0.0171205,-0.0137724,-0.0306022
23359375000,0.0180144,-0.012152,-0.0356965
23377929687,0.0180144,-0.012152,-0.0356965
23400390625,0.0217123,-0.014737,-0.0468308
23418945312,0.0217123,-0.014737,-0.0468308
23436523437,0.0217123,-0.014737,-0.0468308
23458984375,0.0268128,-0.0103168,-0.0459431
23476562500,0.0268128,-0.0103168,-0.0459431
23499023437,0.0209951,-0.0122329,-0.0563384
23517578125,0.0209951,-0.0122329,-0.0563384
23623046875,0.0207629,0.0661147,-0.0613108
23645507812,0.0015227,0.0753664,-0.0522787
23663085937,0.0015227,0.0753664,-0.0522787
23680664062,0.0015227,0.0753664,-0.0522787
23702148437,-0.0139831,0.0700118,-0.0473703
23720703125,-0.0139831,0.0700118,-0.0473703
23744140625,-0.00811682,0.0599031,-0.0299346
23763671875,-0.00811682,0.0599031,-0.0299346
23781250000,-0.00811682,0.0599031,-0.0299346
23802734375,-0.023578,0.0425282,-0.0180133
23820312500,-0.023578,0.0425282,-0.0180133
23970703125,-0.0810679,-0.0382708,-0.00892108
23994140625,-0.0169534,-0.000343857,-0.0141118
24012695312,-0.0169534,-0.000343857,-0.0141118
24030273437,-0.0169534,-0.000343857,-0.0141118
24051757812,0.0567241,0.024893,-0.0129929
24071289062,0.0567241,0.024893,-0.0129929
24087890625,0.0567241,0.024893,-0.0129929
24111328125,0.0988695,0.034031,-0.0191228
24128906250,0.0988695,0.034031,-0.0191228
24151367187,0.154268,0.0278804,-0.0301113
24168945312,0.154268,0.0278804,-0.0301113
24187500000,0.154268,0.0278804,-0.0301113
24287109375,0.246055,-0.00119251,-0.0807776
24310546875,0.30527,0.00633158,-0.124512
24329101562,0.30527,0.00633158,-0.124512
24351562500,0.403632,-0.0232529,-0.155307
24369140625,0.403632,-0.0232529,-0.155307
24386718750,0.403632,-0.0232529,-0.155307
24409179687,0.538865,-0.0521739,-0.178598
24426757812,0.538865,-0.0521739,-0.178598
24449218750,0.736742,-0.0378363,-0.225949
24467773437,0.736742,-0.0378363,-0.225949
24485351562,0.736742,-0.0378363,-0.225949
24508789062,0.951628,-0.006751,-0.280608
24727539062,1.24004,0.0620473,-0.340655
24750000000,1.42701,0.199246,-0.43564
24767578125,1.42701,0.199246,-0.43564
24785156250,1.42701,0.199246,-0.43564
24807617187,1.48497,0.259914,-0.464386
24825195312,1.48497,0.259914,-0.464386
24847656250,1.50332,0.299836,-0.480916
24865234375,1.50332,0.299836,-0.480916
24882812500,1.50332,0.299836,-0.480916
24904296875,1.53039,0.337454,-0.493109
24921875000,1.53039,0.337454,-0.493109
24938476562,1.53039,0.337454,-0.493109
24959960937,1.52641,0.376244,-0.502508
24978515625,1.52641,0.376244,-0.502508
25001953125,1.5239,0.426183,-0.51435
25019531250,1.5239,0.426183,-0.51435
25038085937,1.5239,0.426183,-0.51435
25060546875,1.52214,0.473488,-0.516699
25078125000,1.52214,0.473488,-0.516699
25100585937,1.52983,0.532307,-0.526594
25118164062,1.52983,0.532307,-0.526594
25135742187,1.52983,0.532307,-0.526594
25159179687,1.54498,0.596263,-0.536144
25178710937,1.54498,0.596263,-0.536144
25201171875,1.55265,0.655075,-0.54602
25218750000,1.55265,0.655075,-0.54602
25236328125,1.55265,0.655075,-0.54602
25387695312,1.54831,0.752322,-0.560202
25410156250,1.50014,0.765367,-0.578662
25427734375,1.50014,0.765367,-0.578662
25450195312,1.47303,0.744129,-0.587976
25468750000,1.47303,0.744129,-0.587976
25487304687,1.47303,0.744129,-0.587976
25509765625,1.45978,0.725061,-0.591952
25527343750,1.45978,0.725061,-0.591952
25549804687,1.4607,0.714607,-0.590121
25568359375,1.4607,0.714607,-0.590121
25585937500,1.4607,0.714607,-0.590121
25608398437,1.45036,0.717833,-0.598946
25627929687,1.45036,0.717833,-0.598946
25733398437,1.41463,0.743982,-0.593817
25755859375,1.41242,0.757557,-0.58511
25773437500,1.41242,0.757557,-0.58511
25795898437,1.4174,0.774109,-0.590998
25814453125,1.4174,0.774109,-0.590998
25831054687,1.4174,0.774109,-0.590998
25853515625,1.40486,0.78664,-0.576565
25871093750,1.40486,0.78664,-0.576565
25888671875,1.40486,0.78664,-0.576565
25911132812,1.40486,0.78664,-0.576565
25929687500,1.40486,0.78664,-0.576565
25952148437,1.40406,0.784991,-0.571503
25968750000,1.40406,0.784991,-0.571503
26121093750,1.42811,0.734529,-0.561579
26139648437,1.42811,0.734529,-0.561579
26162109375,1.43188,0.715701,-0.55129
26180664062,1.43188,0.715701,-0.55129
26203125000,1.42166,0.706815,-0.553236
26221679687,1.42166,0.706815,-0.553236
26239257812,1.42166,0.706815,-0.553236
26333984375,1.4092,0.685134,-0.547699
26358398437,1.40421,0.668576,-0.541821
26375976562,1.40421,0.668576,-0.541821
26399414062,1.39844,0.654644,-0.545401
26416992187,1.39844,0.654644,-0.545401
26435546875,1.39844,0.654644,-0.545401
26458007812,1.40288,0.649595,-0.547053
26478515625,1.40288,0.649595,-0.547053
26501953125,1.41845,0.642966,-0.544964
26520507812,1.41845,0.642966,-0.544964
26538085937,1.41845,0.642966,-0.544964
26561523437,1.42301,0.625794,-0.539725
26580078125,1.42301,0.625794,-0.539725
26603515625,1.41266,0.624741,-0.533996
26621093750,1.41266,0.624741,-0.533996
26639648437,1.41266,0.624741,-0.533996
26662109375,1.3984,0.650363,-0.530852
26680664062,1.3984,0.650363,-0.530852
26703125000,1.39073,0.691576,-0.529159
26721679687,1.39073,0.691576,-0.529159
26869140625,1.39808,0.704548,-0.521143
26887695312,1.39808,0.704548,-0.521143
26911132812,1.41256,0.754704,-0.518815
26929687500,1.41256,0.754704,-0.518815
26953125000,1.41164,0.765168,-0.520634
26971679687,1.41164,0.765168,-0.520634
26989257812,1.41164,0.765168,-0.520634
27013671875,1.42065,0.742949,-0.517066
27031250000,1.42065,0.742949,-0.517066
27054687500,1.41054,0.721942,-0.51212
27073242187,1.41054,0.721942,-0.51212
27090820312,1.41054,0.721942,-0.51212
27113281250,1.40841,0.701302,-0.512318
27218750000,1.40464,0.715843,-0.50805
27237304687,1.40464,0.715843,-0.50805
27260742187,1.38987,0.724146,-0.515213
27279296875,1.38987,0.724146,-0.515213
27302734375,1.38165,0.743744,-0.5093
27321289062,1.38165,0.743744,-0.5093
27339843750,1.38165,0.743744,-0.5093
27363281250,1.39333,0.763775,-0.509787
27381835937,1.39333,0.763775,-0.509787
27404296875,1.39534,0.79225,-0.501924
27422851562,1.39534,0.79225,-0.501924
27441406250,1.39534,0.79225,-0.501924
27464843750,1.38712,0.811855,-0.496001
27614257812,1.38925,0.832492,-0.495806
27631835937,1.38925,0.832492,-0.495806
27655273437,1.38804,0.797106,-0.479632
27672851562,1.38804,0.797106,-0.479632
27691406250,1.38804,0.797106,-0.479632
27714843750,1.38735,0.783342,-0.467684
27734375000,1.38735,0.783342,-0.467684
27833984375,1.43084,0.795292,-0.446765
27857421875,1.40005,0.772226,-0.430394
27875000000,1.40005,0.772226,-0.430394
27892578125,1.40005,0.772226,-0.430394
27914062500,1.40312,0.74392,-0.422725
27931640625,1.40312,0.74392,-0.422725
27953125000,1.43435,0.71849,-0.411648
27972656250,1.43435,0.71849,-0.411648
27991210937,1.43435,0.71849,-0.411648
28014648437,1.44912,0.710188,-0.4045
28033203125,1.44912,0.710188,-0.4045
28056640625,1.44979,0.719678,-0.401865
28075195312,1.44979,0.719678,-0.401865
28092773437,1.44979,0.719678,-0.401865
28115234375,1.43046,0.740886,-0.39969
28133789062,1.43046,0.740886,-0.39969
28155273437,1.42227,0.760491,-0.393758
28173828125,1.42227,0.760491,-0.393758
28192382812,1.42227,0.760491,-0.393758
28214843750,1.41794,0.753424,-0.385245
28372070312,1.42848,0.72594,-0.362698
28390625000,1.42848,0.72594,-0.362698
28414062500,1.37222,0.742262,-0.353778
28432617187,1.37222,0.742262,-0.353778
28456054687,1.37231,0.730151,-0.346908
28475585937,1.37231,0.730151,-0.346908
28493164062,1.37231,0.730151,-0.346908
28516601562,1.37241,0.71803,-0.340039
28535156250,1.37241,0.71803,-0.340039
28557617187,1.37321,0.719679,-0.345096
28576171875,1.37321,0.719679,-0.345096
28599609375,1.35607,0.727317,-0.351638
28619140625,1.35607,0.727317,-0.351638
28720703125,1.35617,0.715208,-0.34478
28739257812,1.35617,0.715208,-0.34478
28762695312,1.34594,0.706339,-0.346713
28781250000,1.34594,0.706339,-0.346713
28805664062,1.36662,0.704113,-0.343635
28823242187,1.36662,0.704113,-0.343635
28841796875,1.36662,0.704113,-0.343635
28865234375,1.36287,0.718668,-0.339359
28883789062,1.36287,0.718668,-0.339359
28906250000,1.35627,0.703088,-0.337896
28924804687,1.35627,0.703088,-0.337896
28943359375,1.35627,0.703088,-0.337896
28966796875,1.36967,0.675792,-0.335972
29118164062,1.386,0.666504,-0.324382
29136718750,1.386,0.666504,-0.324382
29160156250,1.40298,0.662431,-0.295609
29178710937,1.40298,0.662431,-0.295609
29202148437,1.39203,0.639808,-0.285631
29221679687,1.39203,0.639808,-0.285631
29239257812,1.39203,0.639808,-0.285631
29333984375,1.43662,0.587041,-0.272674
29356445312,1.41957,0.582564,-0.272324
29374023437,1.41957,0.582564,-0.272324
29392578125,1.41957,0.582564,-0.272324
29415039062,1.39447,0.589872,-0.273726
29432617187,1.39447,0.589872,-0.273726
29455078125,1.37972,0.59819,-0.280866
29474609375,1.37972,0.59819,-0.280866
29493164062,1.37972,0.59819,-0.280866
29516601562,1.36289,0.573766,-0.281335
29536132812,1.36289,0.573766,-0.281335
29557617187,1.33945,0.533759,-0.280295
29576171875,1.33945,0.533759,-0.280295
29594726562,1.33945,0.533759,-0.280295
29617187500,1.33223,0.496586,-0.274571
29634765625,1.33223,0.496586,-0.274571
29658203125,1.34653,0.42459,-0.279722
29677734375,1.34653,0.42459,-0.279722
29701171875,1.46769,0.243222,-0.287347
29719726562,1.46769,0.243222,-0.287347
29878906250,2.9118,0.208261,-0.288488
29902343750,4.40485,3.05738,1.96673
29921875000,4.40485,3.05738,1.96673
29940429687,4.40485,3.05738,1.96673
29962890625,4.44282,3.11925,6.23178
29981445312,4.44282,3.11925,6.23178
30005859375,4.67876,2.98197,10.9789
30023437500,4.67876,2.98197,10.9789
30041992187,4.67876,2.98197,10.9789
30065429687,3.31782,2.92394,15.0514
30083007812,3.31782,2.92394,15.0514
30106445312,1.27943,3.2212,18.407
30125000000,1.27943,3.2212,18.407
30143554687,1.27943,3.2212,18.407
30243164062,-4.28927,5.76843,26.212
30266601562,-7.21244,8.07734,31.3418
30285156250,-7.21244,8.07734,31.3418
30307617187,-9.24707,9.97496,36.1542
30327148437,-9.24707,9.97496,36.1542
30344726562,-9.24707,9.97496,36.1542
30368164062,-7.73241,9.26248,38.6722
30386718750,-7.73241,9.26248,38.6722
30409179687,-4.39274,7.02844,39.4229
30427734375,-4.39274,7.02844,39.4229
30451171875,-2.822,5.93784,39.6058
30471679687,-2.822,5.93784,39.6058
30490234375,-2.822,5.93784,39.6058
30514648437,-2.07903,6.00335,39.6839
30663085937,-1.47733,5.41235,39.7674
30682617187,-1.47733,5.41235,39.7674
30706054687,-0.566656,3.88333,39.8206
30724609375,-0.566656,3.88333,39.8206
30821289062,-0.277476,3.39186,40.082
30840820312,-0.277476,3.39186,40.082
30864257812,0.113566,3.52147,40.2633
30882812500,0.113566,3.52147,40.2633
30905273437,0.941309,3.52653,40.5044
30923828125,0.941309,3.52653,40.5044
30942382812,0.941309,3.52653,40.5044
30964843750,2.11467,3.24039,40.804
30983398437,2.11467,3.24039,40.804
31005859375,3.77213,2.80308,41.1931
31025390625,3.77213,2.80308,41.1931
31043945312,3.77213,2.80308,41.1931
31067382812,5.97245,2.33798,41.8012
31085937500,5.97245,2.33798,41.8012
31108398437,8.91222,1.83768,42.3252
31126953125,8.91222,1.83768,42.3252
31145507812,8.91222,1.83768,42.3252
31167968750,13.4821,1.25768,42.6607
31186523437,13.4821,1.25768,42.6607
31208007812,20.7632,0.738809,42.8172
31227539062,20.7632,0.738809,42.8172
31246093750,20.7632,0.738809,42.8172
31269531250,32.3785,0.346771,43.4913
31289062500,32.3785,0.346771,43.4913
31440429687,68.149,-5.05837,48.9856
31464843750,66.8855,-12.5167,58.9696
31483398437,66.8855,-12.5167,58.9696
31505859375,51.4989,-11.2353,60.6397
31524414062,51.4989,-11.2353,60.6397
31542968750,51.4989,-11.2353,60.6397
31566406250,38.6302,-7.18901,62.4399
31584960937,38.6302,-7.18901,62.4399
31607421875,26.1915,-3.01401,64.6447
31625000000,26.1915,-3.01401,64.6447
31643554687,26.1915,-3.01401,64.6447
31666992187,14.2731,1.83534,65.7558
31685546875,14.2731,1.83534,65.7558
31708007812,4.27503,6.53904,65.7043
31810546875,-14.8286,17.26,63.437
31830078125,-14.8286,17.26,63.437
31853515625,-20.1225,20.6415,64.298
31873046875,-20.1225,20.6415,64.298
31891601562,-20.1225,20.6415,64.298
31914062500,-19.3296,19.3589,65.5215
31932617187,-19.3296,19.3589,65.5215
31955078125,-14.7515,14.2776,64.7393
31973632812,-14.7515,14.2776,64.7393
31992187500,-14.7515,14.2776,64.7393
32016601562,-9.32487,10.7265,65.5231
32035156250,-9.32487,10.7265,65.5231
32058593750,-4.74636,8.8028,66.474
32077148437,-4.74636,8.8028,66.474
32230468750,-1.1873,4.07854,67.2338
32254882812,-1.32844,2.62988,68.0056
32273437500,-1.32844,2.62988,68.0056
32291992187,-1.32844,2.62988,68.0056
32385742187,-1.22548,2.10901,68.9768
32409179687,-0.747503,1.81661,69.5104
32426757812,-0.747503,1.81661,69.5104
32444335937,-0.747503,1.81661,69.5104
32466796875,0.173611,1.57418,70.05
32484375000,0.173611,1.57418,70.05
32506835937,1.73391,1.31591,70.6078
32524414062,1.73391,1.31591,70.6078
32541992187,1.73391,1.31591,70.6078
32564453125,4.54891,0.543361,71.3381
32583984375,4.54891,0.543361,71.3381
32606445312,9.56633,-0.285819,71.8152
32625000000,9.56633,-0.285819,71.8152
32643554687,9.56633,-0.285819,71.8152
32666992187,18.111,-1.17122,71.8711
32685546875,18.111,-1.17122,71.8711
32707031250,32.8172,-3.65207,72.0213
32725585937,32.8172,-3.65207,72.0213
32743164062,32.8172,-3.65207,72.0213
32766601562,54.3579,-8.70499,75.1938
32785156250,54.3579,-8.70499,75.1938
32807617187,69.8969,-13.8777,77.576
32826171875,69.8969,-13.8777,77.576
32844726562,69.8969,-13.8777,77.576
32995117187,57.9749,-13.9636,81.5225
33019531250,31.8946,-2.72175,81.8893
33038085937,31.8946,-2.72175,81.8893
33061523437,18.7389,0.907469,82.5356
33080078125,18.7389,0.907469,82.5356
33102539062,7.20078,4.81491,81.2806
33121093750,7.20078,4.81491,81.2806
33139648437,7.20078,4.81491,81.2806
33163085937,-3.86354,9.46083,79.4225
33182617187,-3.86354,9.46083,79.4225
33206054687,-13.1451,13.5003,77.7377
33223632812,-13.1451,13.5003,77.7377
33242187500,-13.1451,13.5003,77.7377
33265625000,-19.3493,16.8092,77.6096
33366210937,-18.2662,13.6753,76.5236
33385742187,-18.2662,13.6753,76.5236
33409179687,-11.7408,10.9407,76.6691
33427734375,-11.7408,10.9407,76.6691
33446289062,-11.7408,10.9407,76.6691
33468750000,-6.06485,9.69358,77.7687
33487304687,-6.06485,9.69358,77.7687
33510742187,-2.96747,8.19343,77.8319
33530273437,-2.96747,8.19343,77.8319
33547851562,-2.96747,8.19343,77.8319
33571289062,-1.50034,6.75673,77.8879
33589843750,-1.50034,6.75673,77.8879
33613281250,-0.659747,5.98028,77.9836
33631835937,-0.659747,5.98028,77.9836
33780273437,0.432889,5.20391,78.3446
33802734375,2.31509,4.76255,78.7363
33821289062,2.31509,4.76255,78.7363
33840820312,2.31509,4.76255,78.7363
33935546875,6.33938,4.70045,79.3244
33958984375,8.67788,4.37425,79.7283
33986328125,8.67788,4.37425,79.7283
34008789062,10.759,3.70051,80.0
34027343750,10.759,3.70051,80.0
34044921875,10.759,3.70051,80.0
34067382812,12.3139,2.68017,80.3225
34085937500,12.3139,2.68017,80.3225
34108398437,14.3424,1.73136,80.6174
34126953125,14.3424,1.73136,80.6174
34147460937,14.3424,1.73136,80.6174
34170898437,18.2299,1.10866,80.687
34188476562,18.2299,1.10866,80.687
34210937500,25.2163,0.145575,80.3086
34230468750,25.2163,0.145575,80.3086
34249023437,25.2163,0.145575,80.3086
34271484375,37.1026,-1.88303,81.3573
34291015625,37.1026,-1.88303,81.3573
34313476562,59.5461,-7.59798,83.442
34332031250,59.5461,-7.59798,83.442
34354492187,73.5072,-12.2355,81.6085
34373046875,73.5072,-12.2355,81.6085
34391601562,73.5072,-12.2355,81.6085
34416015625,71.7521,-14.9541,81.624
34572265625,45.1979,-10.916,79.6044
34591796875,45.1979,-10.916,79.6044
34614257812,16.753,-1.62829,76.4035
34633789062,16.753,-1.62829,76.4035
34657226562,5.82092,3.12973,72.3169
34676757812,5.82092,3.12973,72.3169
34695312500,5.82092,3.12973,72.3169
34718750000,-3.9193,8.52412,67.598
34737304687,-3.9193,8.52412,67.598
34760742187,-11.0497,11.1192,63.1812
34779296875,-11.0497,11.1192,63.1812
34797851562,-11.0497,11.1192,63.1812
34821289062,-13.5091,12.1775,61.5873
34839843750,-13.5091,12.1775,61.5873
34863281250,-7.54675,9.92252,62.4077
34966796875,-1.31305,5.99347,63.6013
34985351562,-1.31305,5.99347,63.6013
35008789062,-0.920615,5.07327,63.6185
35027343750,-0.920615,5.07327,63.6185
35045898437,-0.920615,5.07327,63.6185
35069335937,-0.993511,4.49177,63.6609
35087890625,-0.993511,4.49177,63.6609
35111328125,-0.864875,3.90266,63.5871
35129882812,-0.864875,3.90266,63.5871
35148437500,-0.864875,3.90266,63.5871
35171875000,-0.928123,3.33951,63.5109
35189453125,-0.928123,3.33951,63.5109
35211914062,-1.0508,3.17166,63.4884
35372070312,-1.31855,2.90002,63.4306
35390625000,-1.31855,2.90002,63.4306
35413085937,-1.41644,2.64286,63.4835
35503906250,-1.41644,2.64286,63.4835
35531250000,-1.35753,2.47756,63.5902
35549804687,-1.35753,2.47756,63.5902
35572265625,-1.39447,2.3882,63.6304
35589843750,-1.39447,2.3882,63.6304
35611328125,-1.33171,2.27832,63.6368
35628906250,-1.33171,2.27832,63.6368
35646484375,-1.33171,2.27832,63.6368
35668945312,-1.24596,2.19682,63.6385
35687500000,-1.24596,2.19682,63.6385
35709960937,-1.22908,2.13501,63.6632
35729492187,-1.22908,2.13501,63.6632
35748046875,-1.22908,2.13501,63.6632
35771484375,-1.30873,2.09013,63.7
35790039062,-1.30873,2.09013,63.7
35812500000,-1.33406,1.97867,63.7457
35831054687,-1.33406,1.97867,63.7457
35848632812,-1.33406,1.97867,63.7457
35872070312,-1.26764,1.80086,63.791
35890625000,-1.26764,1.80086,63.791
35914062500,-1.16619,1.57502,63.8508
35932617187,-1.16619,1.57502,63.8508
35955078125,-1.04013,1.28905,63.9296
35973632812,-1.04013,1.28905,63.9296
35992187500,-1.04013,1.28905,63.9296
36142578125,-0.269324,0.711059,64.2093
36166015625,1.95219,0.165808,64.5946
36184570312,1.95219,0.165808,64.5946
36207031250,3.84976,0.0362284,64.759
36225585937,3.84976,0.0362284,64.759
36244140625,3.84976,0.0362284,64.759
36268554687,6.14199,-0.0328116,64.8085
36288085937,6.14199,-0.0328116,64.8085
36312500000,8.44774,-0.10353,64.8249
36330078125,8.44774,-0.10353,64.8249
36348632812,8.44774,-0.10353,64.8249
36372070312,10.4091,-0.180273,64.8306
36390625000,10.4091,-0.180273,64.8306
36414062500,12.0229,-0.23346,64.828
36513671875,14.5119,-0.205033,64.8642
36533203125,14.5119,-0.205033,64.8642
36550781250,14.5119,-0.205033,64.8642
36574218750,15.6936,-0.156697,64.8968
36592773437,15.6936,-0.156697,64.8968
36615234375,16.9179,-0.0982046,64.9365
36633789062,16.9179,-0.0982046,64.9365
36657226562,18.1778,-0.177411,64.9318
36676757812,18.1778,-0.177411,64.9318
36695312500,18.1778,-0.177411,64.9318
36719726562,19.437,-0.407681,64.8846
36738281250,19.437,-0.407681,64.8846
36761718750,20.7748,-0.730492,64.7877
36913085937,23.3858,-1.63012,64.582
36931640625,23.3858,-1.63012,64.582
36949218750,23.3858,-1.63012,64.582
36972656250,27.1742,-2.87798,64.3263
36991210937,27.1742,-2.87798,64.3263
37083984375,31.4519,-4.11372,64.2998
37106445312,32.9957,-4.63202,64.3106
37124023437,32.9957,-4.63202,64.3106
37141601562,32.9957,-4.63202,64.3106
37164062500,34.4418,-5.18461,64.3372
37180664062,34.4418,-5.18461,64.3372
37199218750,34.4418,-5.18461,64.3372
37221679687,35.9875,-5.81162,64.4204
37240234375,35.9875,-5.81162,64.4204
37263671875,37.6881,-6.47157,64.5453
37283203125,37.6881,-6.47157,64.5453
37301757812,37.6881,-6.47157,64.5453
37325195312,39.9944,-7.13481,65.0163
37343750000,39.9944,-7.13481,65.0163
37366210937,42.9398,-7.51494,65.7973
37385742187,42.9398,-7.51494,65.7973
37409179687,45.3721,-8.01497,66.4077
37427734375,45.3721,-8.01497,66.4077
37447265625,45.3721,-8.01497,66.4077
37470703125,47.8869,-8.53175,66.7355
37489257812,47.8869,-8.53175,66.7355
37512695312,51.3542,-9.10869,66.3301
37531250000,51.3542,-9.10869,66.3301
37679687500,51.2184,-10.9992,65.8118
37698242187,51.2184,-10.9992,65.8118
37721679687,51.8721,-11.8367,65.3679
37740234375,51.8721,-11.8367,65.3679
37763671875,51.9011,-11.5524,65.3608
37782226562,51.9011,-11.5524,65.3608
37800781250,51.9011,-11.5524,65.3608
37824218750,51.7078,-11.394,65.487
37841796875,51.7078,-11.394,65.487
37864257812,51.4254,-11.3486,65.5386
37882812500,51.4254,-11.3486,65.5386
37901367187,51.4254,-11.3486,65.5386
37924804687,51.3759,-11.2822,65.5654
37944335937,51.3759,-11.2822,65.5654
38046875000,51.6318,-10.8185,65.7453
38079101562,51.3146,-10.763,65.7683
38098632812,51.3146,-10.763,65.7683
38122070312,50.6536,-10.6797,65.7421
38140625000,50.6536,-10.6797,65.7421
38164062500,49.5614,-10.5968,65.5881
38182617187,49.5614,-10.5968,65.5881
38201171875,49.5614,-10.5968,65.5881
38224609375,48.5326,-10.5061,65.4846
38243164062,48.5326,-10.5061,65.4846
38265625000,47.721,-10.2714,65.449
38284179687,47.721,-10.2714,65.449
38302734375,47.721,-10.2714,65.449
38325195312,47.1723,-9.90638,65.4859
38482421875,45.899,-8.99699,65.6322
38500976562,45.899,-8.99699,65.6322
38524414062,43.6018,-8.23748,65.8671
38620117187,40.6741,-7.4731,66.0336
38639648437,40.6741,-7.4731,66.0336
38662109375,39.3655,-7.17288,66.0336
38679687500,39.3655,-7.17288,66.0336
38698242187,39.3655,-7.17288,66.0336
38720703125,38.1887,-6.89229,65.9711
38739257812,38.1887,-6.89229,65.9711
38760742187,37.1001,-6.60081,65.9433
38778320312,37.1001,-6.60081,65.9433
38795898437,37.1001,-6.60081,65.9433
38818359375,36.1869,-6.34662,65.9129
38837890625,36.1869,-6.34662,65.9129
38861328125,35.3323,-6.05809,65.8673
38879882812,35.3323,-6.05809,65.8673
38898437500,35.3323,-6.05809,65.8673
38921875000,34.5486,-5.81398,65.83
38941406250,34.5486,-5.81398,65.83
38963867187,33.8111,-5.49681,65.8184
38982421875,33.8111,-5.49681,65.8184
39000976562,33.8111,-5.49681,65.8184
39024414062,33.1062,-5.11104,65.8022
39041992187,33.1062,-5.11104,65.8022
39065429687,32.4102,-4.79665,65.7754
39083984375,32.4102,-4.79665,65.7754
39102539062,32.4102,-4.79665,65.7754
39251953125,30.0842,-4.39585,65.5717
39275390625,25.8309,-4.06216,65.3315
39293945312,25.8309,-4.06216,65.3315
39317382812,22.7232,-3.75864,65.3984
39335937500,22.7232,-3.75864,65.3984
39358398437,19.5461,-3.31497,65.5462
39376953125,19.5461,-3.31497,65.5462
39395507812,19.5461,-3.31497,65.5462
39418945312,16.8058,-2.81997,65.73
39439453125,16.8058,-2.81997,65.73
39461914062,14.4854,-2.35836,65.8576
39480468750,14.4854,-2.35836,65.8576
39499023437,14.4854,-2.35836,65.8576
39522460937,12.4057,-1.86942,65.8696
39623046875,8.53557,-1.22122,65.8518
39642578125,8.53557,-1.22122,65.8518
39666015625,6.46303,-0.905686,65.7136
39684570312,6.46303,-0.905686,65.7136
39703125000,6.46303,-0.905686,65.7136
39726562500,4.39138,-0.702947,65.6651
39746093750,4.39138,-0.702947,65.6651
39769531250,2.70546,-0.606341,65.6086
39788085937,2.70546,-0.606341,65.6086
39811523437,1.55577,-0.412124,65.4424
39830078125,1.55577,-0.412124,65.4424
39849609375,1.55577,-0.412124,65.4424
39873046875,1.16477,-0.257062,65.3717
40025390625,1.06874,-0.101499,65.3158
40043945312,1.06874,-0.101499,65.3158
40067382812,0.911088,-0.0377731,65.2988
40086914062,0.911088,-0.0377731,65.2988
40182617187,0.777029,-0.0254651,65.2901
40209960937,0.176526,0.0137946,65.229
40228515625,0.176526,0.0137946,65.229
40246093750,0.176526,0.0137946,65.229
40268554687,0.0234352,0.212881,65.2216
40286132812,0.0234352,0.212881,65.2216
40302734375,0.0234352,0.212881,65.2216
40325195312,0.00654716,0.583903,65.2502
40342773437,0.00654716,0.583903,65.2502
40365234375,-0.0799055,0.722622,65.2615
40384765625,-0.0799055,0.722622,65.2615
40403320312,-0.0799055,0.722622,65.2615
40426757812,-0.139669,0.742261,65.2596
40444335937,-0.139669,0.742261,65.2596
40466796875,-0.125186,0.695836,65.2761
40485351562,-0.125186,0.695836,65.2761
40503906250,-0.125186,0.695836,65.2761
40527343750,-0.0680355,0.644379,65.2857
40546875000,-0.0680355,0.644379,65.2857
40571289062,0.0267976,0.598794,65.3163
40589843750,0.0267976,0.598794,65.3163
40613281250,0.144317,0.5085,65.3572
40631835937,0.144317,0.5085,65.3572
40784179687,0.571396,0.252764,65.4726
40802734375,0.571396,0.252764,65.4726
40826171875,0.895974,-0.104093,65.5215
40844726562,0.895974,-0.104093,65.5215
40867187500,0.938955,-0.254679,65.5334
40885742187,0.938955,-0.254679,65.5334
40904296875,0.938955,-0.254679,65.5334
40927734375,0.98911,-0.391763,65.5477
40945312500,0.98911,-0.391763,65.5477
40967773437,1.11467,-0.447435,65.6017
40986328125,1.11467,-0.447435,65.6017
41004882812,1.11467,-0.447435,65.6017
41027343750,1.338,-0.557551,65.6573
41131835937,2.56118,-0.967917,65.7604
41150390625,2.56118,-0.967917,65.7604
41173828125,3.74259,-1.17405,65.7198
41192382812,3.74259,-1.17405,65.7198
41215820312,5.46549,-1.2568,65.6284
41234375000,5.46549,-1.2568,65.6284
41253906250,5.46549,-1.2568,65.6284
41277343750,7.46637,-1.37407,65.5345
41295898437,7.46637,-1.37407,65.5345
41318359375,9.5022,-1.63901,65.4933
41336914062,9.5022,-1.63901,65.4933
41355468750,9.5022,-1.63901,65.4933
41378906250,11.4194,-2.03136,65.5175
41398437500,11.4194,-2.03136,65.5175
41552734375,14.455,-2.91699,65.3852
41577148437,16.9892,-4.26628,65.1406
41594726562,16.9892,-4.26628,65.1406
41618164062,18.0362,-4.95167,65.0202
41636718750,18.0362,-4.95167,65.0202
41654296875,18.0362,-4.95167,65.0202
41747070312,19.8684,-6.09622,64.945
41770507812,21.0436,-6.64152,64.849
41788085937,21.0436,-6.64152,64.849
41805664062,21.0436,-6.64152,64.849
41827148437,22.6647,-7.35694,64.743
41845703125,22.6647,-7.35694,64.743
41867187500,24.3704,-7.87002,64.5843
41885742187,24.3704,-7.87002,64.5843
41905273437,24.3704,-7.87002,64.5843
41928710937,25.8296,-8.04848,64.4418
41946289062,25.8296,-8.04848,64.4418
41968750000,27.1553,-8.16807,64.3317
41987304687,27.1553,-8.16807,64.3317
42005859375,27.1553,-8.16807,64.3317
42028320312,28.3009,-8.44291,64.2434
42046875000,28.3009,-8.44291,64.2434
42069335937,29.1624,-8.70338,64.1003
42087890625,29.1624,-8.70338,64.1003
42106445312,29.1624,-8.70338,64.1003
42137695312,29.5287,-9.13477,64.0001
42155273437,29.5287,-9.13477,64.0001
42178710937,29.676,-9.66869,63.9564
42329101562,31.2799,-10.2766,63.9489
42348632812,31.2799,-10.2766,63.9489
42371093750,35.6242,-12.3723,64.2071
42389648437,35.6242,-12.3723,64.2071
42413085937,37.7201,-13.1119,64.1954
42431640625,37.7201,-13.1119,64.1954
42450195312,37.7201,-13.1119,64.1954
42474609375,39.6644,-13.6078,64.1104
42494140625,39.6644,-13.6078,64.1104
42517578125,41.2967,-14.1788,64.0203
42536132812,41.2967,-14.1788,64.0203
42553710937,41.2967,-14.1788,64.0203
42577148437,42.6178,-14.702,63.9793
42595703125,42.6178,-14.702,63.9793
42699218750,44.1125,-15.6016,63.6216
42722656250,44.8645,-16.347,63.241
42741210937,44.8645,-16.347,63.241
42763671875,45.5114,-17.0861,62.8168
42782226562,45.5114,-17.0861,62.8168
42800781250,45.5114,-17.0861,62.8168
42824218750,45.9194,-17.6954,62.5698
42843750000,45.9194,-17.6954,62.5698
42867187500,45.865,-18.0507,62.3906
42885742187,45.865,-18.0507,62.3906
42903320312,45.865,-18.0507,62.3906
42926757812,45.5713,-18.1901,62.3262
42945312500,45.5713,-18.1901,62.3262
42968750000,45.4189,-18.2063,62.225
43120117187,45.3901,-18.0998,62.2413
43137695312,45.3901,-18.0998,62.2413
43156250000,45.3901,-18.0998,62.2413
43250976562,45.4009,-17.3605,62.4315
43279296875,45.9862,-16.0092,62.857
43297851562,45.9862,-16.0092,62.857
43320312500,46.3152,-15.3619,63.3183
43337890625,46.3152,-15.3619,63.3183
43355468750,46.3152,-15.3619,63.3183
43377929687,46.7883,-14.5719,63.7147
43395507812,46.7883,-14.5719,63.7147
43417968750,47.3939,-13.694,64.2167
43435546875,47.3939,-13.694,64.2167
43454101562,47.3939,-13.694,64.2167
43478515625,48.0592,-12.7882,64.7368
43497070312,48.0592,-12.7882,64.7368
43519531250,48.4958,-11.9626,65.2086
43538085937,48.4958,-11.9626,65.2086
43556640625,48.4958,-11.9626,65.2086
43580078125,48.6377,-11.1711,65.5286
43599609375,48.6377,-11.1711,65.5286
43622070312,48.7706,-10.515,65.9528
43641601562,48.7706,-10.515,65.9528
43665039062,48.9227,-10.1436,66.4632
43683593750,48.9227,-10.1436,66.4632
43702148437,48.9227,-10.1436,66.4632
43725585937,49.1215,-9.85676,66.8116
43746093750,49.1215,-9.85676,66.8116
43896484375,49.5034,-9.20564,67.2726
43919921875,50.2922,-8.22615,67.8565
43938476562,50.2922,-8.22615,67.8565
43957031250,50.2922,-8.22615,67.8565
43979492187,50.6061,-7.68371,68.0966
43998046875,50.6061,-7.68371,68.0966
44021484375,50.9617,-7.15151,68.3655
44040039062,50.9617,-7.15151,68.3655
44057617187,50.9617,-7.15151,68.3655
44081054687,51.115,-6.9022,68.4741
44099609375,51.115,-6.9022,68.4741
44123046875,51.0673,-6.68601,68.5226
44142578125,51.0673,-6.68601,68.5226
44166015625,51.0388,-6.44641,68.6235
44266601562,51.0671,-6.28482,68.6845
44285156250,51.0671,-6.28482,68.6845
44303710937,51.0671,-6.28482,68.6845
44327148437,50.984,-6.16971,68.6364
44345703125,50.984,-6.16971,68.6364
44369140625,50.9627,-6.18859,68.6034
44387695312,50.9627,-6.18859,68.6034
44406250000,50.9627,-6.18859,68.6034
44429687500,51.3311,-6.28505,68.5446
44448242187,51.3311,-6.28505,68.5446
44470703125,51.5382,-6.22856,68.5042
44489257812,51.5382,-6.22856,68.5042
44507812500,51.5382,-6.22856,68.5042
44531250000,51.5995,-6.19851,68.4846
44690429687,51.6799,-6.00961,68.427
44708007812,51.6799,-6.00961,68.427
44731445312,52.1104,-5.79611,68.3836
44750000000,52.1104,-5.79611,68.3836
44849609375,52.3171,-5.53636,68.3415
44872070312,52.3125,-5.45688,68.3255
44889648437,52.3125,-5.45688,68.3255
44907226562,52.3125,-5.45688,68.3255
44929687500,52.2338,-5.36586,68.2738
44947265625,52.2338,-5.36586,68.2738
44969726562,52.1447,-5.35464,68.303
44986328125,52.1447,-5.35464,68.303
45005859375,52.1447,-5.35464,68.303
45028320312,52.2044,-5.33042,68.318
45047851562,52.2044,-5.33042,68.318
45071289062,52.4761,-5.46232,68.4036
45089843750,52.4761,-5.46232,68.4036
45107421875,52.4761,-5.46232,68.4036
45130859375,53.1044,-5.52252,68.4655
45149414062,53.1044,-5.52252,68.4655
45171875000,53.7759,-5.49698,68.5327
45191406250,53.7759,-5.49698,68.5327
45208984375,53.7759,-5.49698,68.5327
45232421875,54.0553,-5.44875,68.6013
45250976562,54.0553,-5.44875,68.6013
45273437500,53.6726,-5.21542,68.6657
45291992187,53.6726,-5.21542,68.6657
45437500000,52.1814,-4.297,69.0669
45457031250,52.1814,-4.297,69.0669
45479492187,52.3821,-3.01222,69.398
45498046875,52.3821,-3.01222,69.398
45520507812,52.7878,-2.50453,69.5918
45539062500,52.7878,-2.50453,69.5918
45557617187,52.7878,-2.50453,69.5918
45581054687,53.3328,-2.06872,69.7807
45599609375,53.3328,-2.06872,69.7807
45622070312,54.0238,-1.71683,69.8711
45640625000,54.0238,-1.71683,69.8711
45658203125,54.0238,-1.71683,69.8711
45681640625,54.6387,-1.49082,69.8439
45700195312,54.6387,-1.49082,69.8439
45801757812,55.2663,-1.3798,69.7794
45825195312,55.3933,-1.43964,69.7178
45843750000,55.3933,-1.43964,69.7178
45867187500,55.323,-1.52931,69.6605
45886718750,55.323,-1.52931,69.6605
45905273437,55.323,-1.52931,69.6605
45928710937,54.9265,-1.66469,69.564
45947265625,54.9265,-1.66469,69.564
45970703125,54.4839,-1.75994,69.5266
45989257812,54.4839,-1.75994,69.5266
46007812500,54.4839,-1.75994,69.5266
46031250000,54.0419,-1.64737,69.4357
46049804687,54.0419,-1.64737,69.4357
46073242187,53.3636,-1.73322,69.4218
46222656250,52.121,-1.80289,69.4563
46241210937,52.121,-1.80289,69.4563
46259765625,52.121,-1.80289,69.4563
46283203125,51.5151,-2.10835,69.4319
46302734375,51.5151,-2.10835,69.4319
46414062500,50.421,-3.10447,69.2468
46432617187,50.421,-3.10447,69.2468
46450195312,50.421,-3.10447,69.2468
46472656250,50.6845,-4.23156,69.1124
46490234375,50.6845,-4.23156,69.1124
46508789062,50.6845,-4.23156,69.1124
46531250000,51.6281,-4.85334,69.1628
46548828125,51.6281,-4.85334,69.1628
46571289062,51.248,-6.64652,68.2027
46590820312,51.248,-6.64652,68.2027
46609375000,51.248,-6.64652,68.2027
46632812500,46.5556,-8.05861,68.3124
46652343750,46.5556,-8.05861,68.3124
46674804687,38.3843,-6.43594,68.3408
46694335937,38.3843,-6.43594,68.3408
46716796875,30.2423,-2.23944,66.6894
46735351562,30.2423,-2.23944,66.6894
46753906250,30.2423,-2.23944,66.6894
46778320312,20.9658,1.82302,64.4133
46796875000,20.9658,1.82302,64.4133
46819335937,12.2938,4.95903,63.8358
46837890625,12.2938,4.95903,63.8358
46856445312,12.2938,4.95903,63.8358
47009765625,2.37049,7.83639,62.8521
47033203125,2.35885,5.78351,62.3157
47051757812,2.35885,5.78351,62.3157
47074218750,2.40891,4.67351,63.0666
47093750000,2.40891,4.67351,63.0666
47110351562,2.40891,4.67351,63.0666
47132812500,2.4956,4.6199,63.606
47152343750,2.4956,4.6199,63.606
47174804687,2.6223,4.33455,64.1259
47193359375,2.6223,4.33455,64.1259
47217773437,2.59743,3.86506,64.5114
47237304687,2.59743,3.86506,64.5114
47254882812,2.59743,3.86506,64.5114
47278320312,2.60088,3.44512,64.8954
47296875000,2.60088,3.44512,64.8954
47399414062,2.97126,3.80257,65.6771
47422851562,3.35184,4.71704,66.0621
47440429687,3.35184,4.71704,66.0621
47458984375,3.35184,4.71704,66.0621
47482421875,3.87367,6.12233,66.4348
47500976562,3.87367,6.12233,66.4348
47523437500,4.4471,8.29076,66.8396
47543945312,4.4471,8.29076,66.8396
47568359375,4.81638,11.4918,67.1221
47586914062,4.81638,11.4918,67.1221
47605468750,4.81638,11.4918,67.1221
47628906250,5.16928,15.6379,67.3654
47647460937,5.16928,15.6379,67.3654
47669921875,5.61063,20.3746,67.7172
47820312500,6.01644,30.4256,68.657
47838867187,6.01644,30.4256,68.657
47857421875,6.01644,30.4256,68.657
47949218750,6.28832,38.6701,69.9003
47973632812,6.1717,39.4553,70.0744
47991210937,6.1717,39.4553,70.0744
48009765625,6.1717,39.4553,70.0744
48032226562,6.13162,40.0051,70.1919
48049804687,6.13162,40.0051,70.1919
48072265625,6.18994,40.7409,70.3695
48089843750,6.18994,40.7409,70.3695
48108398437,6.18994,40.7409,70.3695
48131835937,6.30936,41.6559,70.576
48150390625,6.30936,41.6559,70.576
48173828125,6.45966,42.4572,70.7768
48193359375,6.45966,42.4572,70.7768
48211914062,6.45966,42.4572,70.7768
48235351562,6.58925,42.922,70.9034
48254882812,6.58925,42.922,70.9034
48278320312,6.73368,43.1067,70.9643
48296875000,6.73368,43.1067,70.9643
48320312500,6.83739,43.2339,71.005
48338867187,6.83739,43.2339,71.005
48357421875,6.83739,43.2339,71.005
48380859375,6.86992,43.3601,71.0509
48399414062,6.86992,43.3601,71.0509
48422851562,6.91939,43.4467,71.0825
48441406250,6.91939,43.4467,71.0825
48459960937,6.91939,43.4467,71.0825
48610351562,6.89581,43.7304,71.1546
48633789062,6.75886,43.8482,71.1142
48652343750,6.75886,43.8482,71.1142
48674804687,6.6842,43.9422,71.0992
48694335937,6.6842,43.9422,71.0992
48717773437,6.62002,43.9102,71.0853
48736328125,6.62002,43.9102,71.0853
48754882812,6.62002,43.9102,71.0853
48778320312,6.44937,43.5807,70.9495
48796875000,6.44937,43.5807,70.9495
48820312500,6.209,42.2766,70.6792
48839843750,6.209,42.2766,70.6792
48858398437,6.209,42.2766,70.6792
48881835937,6.07189,39.7387,70.2617
48983398437,5.66813,30.299,69.4749
49001953125,5.66813,30.299,69.4749
49025390625,5.05947,23.9556,69.0929
49044921875,5.05947,23.9556,69.0929
49062500000,5.05947,23.9556,69.0929
49085937500,4.41104,18.0833,68.7486
49104492187,4.41104,18.0833,68.7486
49126953125,3.13543,12.224,68.6731
49146484375,3.13543,12.224,68.6731
49169921875,2.24067,7.49742,68.6364
49187500000,2.24067,7.49742,68.6364
49206054687,2.24067,7.49742,68.6364
49229492187,1.66121,5.4114,68.7837
49249023437,1.66121,5.4114,68.7837
49272460937,1.84173,4.40318,68.6228
49421875000,2.51419,3.64352,68.6932
49440429687,2.51419,3.64352,68.6932
49458984375,2.51419,3.64352,68.6932
49560546875,2.38479,2.65674,69.1653
49583984375,2.22085,2.54345,69.1582
49601562500,2.22085,2.54345,69.1582
49624023437,2.05065,2.34339,69.1467
49641601562,2.05065,2.34339,69.1467
49659179687,2.05065,2.34339,69.1467
49681640625,1.82662,2.02715,69.1083
49700195312,1.82662,2.02715,69.1083
49722656250,1.48945,1.69602,69.1
49741210937,1.48945,1.69602,69.1
49759765625,1.48945,1.69602,69.1
49784179687,0.804107,1.27642,69.1414
49802734375,0.804107,1.27642,69.1414
49825195312,-0.670721,0.595035,69.3197
49843750000,-0.670721,0.595035,69.3197
49862304687,-0.670721,0.595035,69.3197
49885742187,-1.80322,0.229285,69.5232
49904296875,-1.80322,0.229285,69.5232
49925781250,-2.50037,0.106024,69.7432
49944335937,-2.50037,0.106024,69.7432
49962890625,-2.50037,0.106024,69.7432
49986328125,-2.89097,0.0836431,69.9338
50004882812,-2.89097,0.0836431,69.9338
50027343750,-3.02867,0.0767941,70.1087
50047851562,-3.02867,0.0767941,70.1087
50199218750,-2.38793,-0.0888785,70.425
50222656250,-0.348408,-0.209838,70.6754
50242187500,-0.348408,-0.209838,70.6754
50259765625,-0.348408,-0.209838,70.6754
50282226562,1.04623,-0.34518,70.8368
50300781250,1.04623,-0.34518,70.8368
50324218750,2.97026,-0.504262,71.0047
50342773437,2.97026,-0.504262,71.0047
50362304687,2.97026,-0.504262,71.0047
50392578125,5.37636,-0.54944,71.0798
50411132812,5.37636,-0.54944,71.0798
50434570312,8.36353,-0.60216,71.0276
50453125000,8.36353,-0.60216,71.0276
50551757812,17.8021,-1.46949,70.431
50574218750,26.4652,-2.60049,69.7688
50592773437,26.4652,-2.60049,69.7688
50611328125,26.4652,-2.60049,69.7688
50635742187,38.1414,-5.27708,70.8862
50653320312,38.1414,-5.27708,70.8862
50675781250,54.2916,-10.7057,72.2444
50694335937,54.2916,-10.7057,72.2444
50712890625,54.2916,-10.7057,72.2444
50736328125,71.6019,-15.4399,74.4822
50754882812,71.6019,-15.4399,74.4822
50778320312,68.906,-18.292,76.8394
50796875000,68.906,-18.292,76.8394
50819335937,59.7383,-15.2159,76.9368
50975585937,21.5966,-0.344312,77.4649
50995117187,21.5966,-0.344312,77.4649
51013671875,21.5966,-0.344312,77.4649
51036132812,9.06859,4.43581,76.8517
51136718750,-13.8336,14.7633,72.7097
51155273437,-13.8336,14.7633,72.7097
51176757812,-21.6917,18.6155,70.8098
51195312500,-21.6917,18.6155,70.8098
51212890625,-21.6917,18.6155,70.8098
51235351562,-21.7567,18.7145,71.0716
51252929687,-21.7567,18.7145,71.0716
51274414062,-16.5964,13.8494,71.0245
51292968750,-16.5964,13.8494,71.0245
51311523437,-16.5964,13.8494,71.0245
51336914062,-10.069,11.0982,70.8818
51354492187,-10.069,11.0982,70.8818
51377929687,-4.99578,9.68381,71.333
51396484375,-4.99578,9.68381,71.333
51415039062,-4.99578,9.68381,71.333
51437500000,-2.26708,7.80635,71.3389
51458007812,-2.26708,7.80635,71.3389
51481445312,-0.720066,6.07786,71.2059
51500000000,-0.720066,6.07786,71.2059
51523437500,-0.0269144,4.783,70.8998
51541992187,-0.0269144,4.783,70.8998
51560546875,-0.0269144,4.783,70.8998
51583984375,0.356176,4.15821,70.7226
51603515625,0.356176,4.15821,70.7226
51751953125,2.12582,3.91952,70.4171
51774414062,4.6807,3.55348,70.3126
51792968750,4.6807,3.55348,70.3126
51811523437,4.6807,3.55348,70.3126
51834960937,5.94421,3.00642,70.3155
51853515625,5.94421,3.00642,70.3155
51876953125,7.71368,2.41605,70.2999
51894531250,7.71368,2.41605,70.2999
51913085937,7.71368,2.41605,70.2999
51936523437,10.6979,1.89126,70.1819
51955078125,10.6979,1.89126,70.1819
51977539062,16.1638,1.25628,69.9332
51998046875,16.1638,1.25628,69.9332
52020507812,25.1647,0.307285,69.2605
52122070312,63.3873,-7.27148,71.7914
52140625000,63.3873,-7.27148,71.7914
52160156250,63.3873,-7.27148,71.7914
52183593750,74.012,-12.4216,71.8373
52202148437,74.012,-12.4216,71.8373
52225585937,68.0923,-15.4872,73.9307
52244140625,68.0923,-15.4872,73.9307
52262695312,68.0923,-15.4872,73.9307
52286132812,57.6684,-14.4418,75.2336
52304687500,57.6684,-14.4418,75.2336
52328125000,44.3655,-10.0248,74.515
52345703125,44.3655,-10.0248,74.515
52364257812,44.3655,-10.0248,74.515
52387695312,30.8147,-4.69068,73.8495
52539062500,6.5607,5.41416,69.6896
52556640625,6.5607,5.41416,69.6896
52579101562,-13.1542,17.811,66.8813
52597656250,-13.1542,17.811,66.8813
52699218750,-19.077,24.4384,65.8781
52721679687,-15.279,19.2554,62.285
52739257812,-15.279,19.2554,62.285
52756835937,-15.279,19.2554,62.285
52778320312,-11.1386,12.5248,60.6715
52796875000,-11.1386,12.5248,60.6715
52814453125,-11.1386,12.5248,60.6715
52836914062,-5.39891,10.0544,61.5942
52854492187,-5.39891,10.0544,61.5942
52876953125,-2.7555,7.26307,61.7072
52896484375,-2.7555,7.26307,61.7072
52914062500,-2.7555,7.26307,61.7072
52937500000,-1.83094,4.9739,61.5449
52956054687,-1.83094,4.9739,61.5449
52978515625,-1.41676,3.71207,61.2802
52997070312,-1.41676,3.71207,61.2802
53015625000,-1.41676,3.71207,61.2802
53038085937,-1.50831,2.97974,61.1221
53056640625,-1.50831,2.97974,61.1221
53080078125,-1.6332,2.4113,61.02
53098632812,-1.6332,2.4113,61.02
53122070312,-1.51586,2.07799,60.9728
53141601562,-1.51586,2.07799,60.9728
53160156250,-1.51586,2.07799,60.9728
53309570312,-0.31126,1.40679,61.1029
53333007812,2.19623,0.413681,61.1859
53352539062,2.19623,0.413681,61.1859
53375976562,4.48429,-0.311083,61.3057
53394531250,4.48429,-0.311083,61.3057
53413085937,4.48429,-0.311083,61.3057
53436523437,8.59115,-1.21409,61.2638
53455078125,8.59115,-1.21409,61.2638
53477539062,15.7562,-2.23345,60.7927
53496093750,15.7562,-2.23345,60.7927
53515625000,15.7562,-2.23345,60.7927
53538085937,28.2332,-4.52306,60.1144
53556640625,28.2332,-4.52306,60.1144
53578125000,44.3472,-9.12024,61.9905
53677734375,58.4607,-17.8152,67.7497
53696289062,58.4607,-17.8152,67.7497
53714843750,58.4607,-17.8152,67.7497
53738281250,52.4597,-15.8786,69.6944
53756835937,52.4597,-15.8786,69.6944
53780273437,43.8112,-11.0314,68.8183
53798828125,43.8112,-11.0314,68.8183
53816406250,43.8112,-11.0314,68.8183
53839843750,33.3159,-6.79684,68.4521
53858398437,33.3159,-6.79684,68.4521
53880859375,22.4977,-2.97372,66.6635
53901367187,22.4977,-2.97372,66.6635
53925781250,11.9506,0.548017,63.5813
53944335937,11.9506,0.548017,63.5813
54095703125,-5.96607,6.08282,55.2027
54114257812,-5.96607,6.08282,55.2027
54138671875,-17.5901,8.87199,49.2647
54157226562,-17.5901,8.87199,49.2647
54252929687,-18.4476,7.42399,43.063
54276367187,-12.3811,8.53603,41.0757
54293945312,-12.3811,8.53603,41.0757
54311523437,-12.3811,8.53603,41.0757
54334960937,-7.18881,7.88715,42.1027
54352539062,-7.18881,7.88715,42.1027
54375976562,-3.7602,6.47456,42.1275
54393554687,-3.7602,6.47456,42.1275
54411132812,-3.7602,6.47456,42.1275
54434570312,-2.01937,4.81539,41.9187
54455078125,-2.01937,4.81539,41.9187
54479492187,-1.25577,2.76925,41.6621
54505859375,-1.25577,2.76925,41.6621
54529296875,-1.59896,2.01999,41.4931
54547851562,-1.59896,2.01999,41.4931
54566406250,-1.59896,2.01999,41.4931
54589843750,-1.7795,1.69497,41.3979
54608398437,-1.7795,1.69497,41.3979
54631835937,-1.8416,1.52952,41.3046
54650390625,-1.8416,1.52952,41.3046
54672851562,-1.80641,1.44505,41.2057
54691406250,-1.80641,1.44505,41.2057
54709960937,-1.80641,1.44505,41.2057
54734375000,-1.67295,1.37696,41.1083
54878906250,-1.32613,1.33585,40.8352
54897460937,-1.32613,1.33585,40.8352
54916015625,-1.32613,1.33585,40.8352
54939453125,-0.717189,1.57391,40.2125
54958007812,-0.717189,1.57391,40.2125
54980468750,-0.437857,1.43911,39.8682
54999023437,-0.437857,1.43911,39.8682
55017578125,-0.437857,1.43911,39.8682
55041015625,-0.14692,1.27856,39.5016
55059570312,-0.14692,1.27856,39.5016
55083007812,0.022253,1.25862,39.1079
55102539062,0.022253,1.25862,39.1079
55126953125,-0.10759,1.22831,38.7188
55145507812,-0.10759,1.22831,38.7188
55245117187,-0.453068,1.27184,37.9308
55265625000,-0.453068,1.27184,37.9308
55290039062,-0.499749,1.2637,37.5742
55308593750,-0.499749,1.2637,37.5742
55331054687,-0.534958,1.27393,37.2144
55350585937,-0.534958,1.27393,37.2144
55369140625,-0.534958,1.27393,37.2144
55392578125,-0.570325,1.27382,36.8979
55412109375,-0.570325,1.27382,36.8979
55435546875,-0.574195,1.27874,36.5762
55454101562,-0.574195,1.27874,36.5762
55476562500,-0.603068,1.26455,36.2613
55495117187,-0.603068,1.26455,36.2613
55646484375,-0.736542,1.27556,35.6176
55665039062,-0.736542,1.27556,35.6176
55688476562,-0.907736,1.28034,34.9893
55707031250,-0.907736,1.28034,34.9893
55803710937,-0.923022,1.28256,34.4375
55827148437,-0.915335,1.27651,34.1676
55844726562,-0.915335,1.27651,34.1676
55862304687,-0.915335,1.27651,34.1676
55884765625,-0.915741,1.28652,33.9133
55903320312,-0.915741,1.28652,33.9133
55925781250,-0.922346,1.29377,33.6578
55944335937,-0.922346,1.29377,33.6578
55961914062,-0.922346,1.29377,33.6578
55985351562,-0.945345,1.30039,33.408
56005859375,-0.945345,1.30039,33.408
56030273437,-0.981435,1.31775,33.1566
56048828125,-0.981435,1.31775,33.1566
56066406250,-0.981435,1.31775,33.1566
56089843750,-1.04716,1.35363,32.8969
56108398437,-1.04716,1.35363,32.8969
56131835937,-1.11716,1.39418,32.6458
56150390625,-1.11716,1.39418,32.6458
56167968750,-1.11716,1.39418,32.6458
56191406250,-1.1592,1.42326,32.3983
56209960937,-1.1592,1.42326,32.3983
56232421875,-1.19182,1.41591,32.1755
56251953125,-1.19182,1.41591,32.1755
56402343750,-1.2801,1.43117,31.7293
56419921875,-1.2801,1.43117,31.7293
56442382812,-1.34577,1.53263,31.2971
56460937500,-1.34577,1.53263,31.2971
56484375000,-1.3684,1.60708,31.056
56503906250,-1.3684,1.60708,31.056
56527343750,-1.44143,1.71865,30.8246
56545898437,-1.44143,1.71865,30.8246
56564453125,-1.44143,1.71865,30.8246
56587890625,-1.43154,1.8251,30.5822
56606445312,-1.43154,1.8251,30.5822
56629882812,-1.42737,1.97412,30.3519
56648437500,-1.42737,1.97412,30.3519
56666992187,-1.42737,1.97412,30.3519
56770507812,-1.30627,2.47395,29.8836
56793945312,-1.21705,2.62435,29.6867
56813476562,-1.21705,2.62435,29.6867
56836914062,-1.15295,2.70745,29.5377
56855468750,-1.15295,2.70745,29.5377
56878906250,-1.06496,2.82047,29.3891
56897460937,-1.06496,2.82047,29.3891
56916015625,-1.06496,2.82047,29.3891
56940429687,-0.98785,2.92636,29.2416
56958007812,-0.98785,2.92636,29.2416
56981445312,-0.90481,3.01785,29.1016
57000000000,-0.90481,3.01785,29.1016
57018554687,-0.90481,3.01785,29.1016
57042968750,-0.826728,3.08664,28.9506
57196289062,-0.712066,3.06908,28.6084
57214843750,-0.712066,3.06908,28.6084
57238281250,-0.436711,2.82914,28.2346
57256835937,-0.436711,2.82914,28.2346
57352539062,0.0140091,2.68616,27.9978
57378906250,1.61119,2.42002,20.555
57396484375,1.61119,2.42002,20.555
57415039062,1.61119,2.42002,20.555
57437500000,-1.04388,1.78788,4.6697
57456054687,-1.04388,1.78788,4.6697
57476562500,0.170242,0.195035,-13.7961
57496093750,0.170242,0.195035,-13.7961
57513671875,0.170242,0.195035,-13.7961
57536132812,3.34607,0.0191894,-31.159
57555664062,3.34607,0.0191894,-31.159
57578125000,5.29355,0.358909,-43.1073
57596679687,5.29355,0.358909,-43.1073
57615234375,5.29355,0.358909,-43.1073
57638671875,6.17071,1.14271,-53.3494
57658203125,6.17071,1.14271,-53.3494
57679687500,6.36884,2.45693,-63.0665
57698242187,6.36884,2.45693,-63.0665
57716796875,6.36884,2.45693,-63.0665
57740234375,5.76445,3.66495,-72.4204
57758789062,5.76445,3.66495,-72.4204
57782226562,4.25587,5.16647,-82.0645
57802734375,4.25587,5.16647,-82.0645
57820312500,4.25587,5.16647,-82.0645
57970703125,-0.121715,8.54554,-102.969
57994140625,-3.99051,11.0254,-118.79
58012695312,-3.99051,11.0254,-118.79
58035156250,-5.49759,11.7904,-122.962
58053710937,-5.49759,11.7904,-122.962
58077148437,-6.10058,11.7673,-126.668
58096679687,-6.10058,11.7673,-126.668
58115234375,-6.10058,11.7673,-126.668
58138671875,-5.57219,11.5538,-130.161
58157226562,-5.57219,11.5538,-130.161
58179687500,-4.72119,11.4123,-133.175
58198242187,-4.72119,11.4123,-133.175
58217773437,-4.72119,11.4123,-133.175
58318359375,-0.768544,7.99064,-134.084
58342773437,0.950413,6.2515,-134.132
58361328125,0.950413,6.2515,-134.132
58383789062,0.897322,4.96445,-134.203
58402343750,0.897322,4.96445,-134.203
58419921875,0.897322,4.96445,-134.203
58443359375,0.309871,4.86096,-134.164
58461914062,0.309871,4.86096,-134.164
58485351562,0.108065,5.23252,-134.232
58503906250,0.108065,5.23252,-134.232
58521484375,0.108065,5.23252,-134.232
58543945312,0.00262002,5.47551,-134.268
58562500000,0.00262002,5.47551,-134.268
58596679687,0.0289013,5.63192,-134.328
58745117187,0.211872,5.82579,-134.409
58763671875,0.211872,5.82579,-134.409
58788085937,-0.0221787,5.42462,-134.431
58807617187,-0.0221787,5.42462,-134.431
58907226562,-0.177828,4.86621,-134.628
58930664062,-0.169932,4.61993,-134.741
58949218750,-0.169932,4.61993,-134.741
58968750000,-0.169932,4.61993,-134.741
58991210937,-0.143048,4.46421,-134.852
59009765625,-0.143048,4.46421,-134.852
59032226562,-0.132445,4.28501,-135.007
59049804687,-0.132445,4.28501,-135.007
59067382812,-0.132445,4.28501,-135.007
59091796875,-0.12551,4.11868,-135.16
59110351562,-0.12551,4.11868,-135.16
59133789062,-0.0951972,3.9989,-135.314
59152343750,-0.0951972,3.9989,-135.314
59170898437,-0.0951972,3.9989,-135.314
59194335937,-0.0801514,3.88286,-135.498
59211914062,-0.0801514,3.88286,-135.498
59234375000,-0.0688705,3.79858,-135.666
59253906250,-0.0688705,3.79858,-135.666
59272460937,-0.0688705,3.79858,-135.666
59294921875,-0.0588747,3.72407,-135.815
59315429687,-0.0588747,3.72407,-135.815
59338867187,-0.00407933,3.6521,-135.947
59488281250,0.130721,3.53,-136.225
59506835937,0.130721,3.53,-136.225
59530273437,0.217724,3.4358,-136.475
59548828125,0.217724,3.4358,-136.475
59568359375,0.217724,3.4358,-136.475
59591796875,0.266357,3.40808,-136.555
59610351562,0.266357,3.40808,-136.555
59633789062,0.318302,3.36873,-136.696
59652343750,0.318302,3.36873,-136.696
59670898437,0.318302,3.36873,-136.696
59694335937,0.342098,3.32596,-136.858
59712890625,0.342098,3.32596,-136.858
59736328125,0.330392,3.29853,-137.01
59754882812,0.330392,3.29853,-137.01
59855468750,0.17187,3.27894,-137.367
59874023437,0.17187,3.27894,-137.367
59896484375,0.0498557,3.2791,-137.569
59915039062,0.0498557,3.2791,-137.569
59939453125,0.00269024,3.26629,-137.712
59958984375,0.00269024,3.26629,-137.712
59983398437,0.0408426,3.27265,-137.841
60001953125,0.0408426,3.27265,-137.841
60021484375,0.0408426,3.27265,-137.841
60043945312,0.140197,3.25529,-137.945
60061523437,0.140197,3.25529,-137.945
60084960937,0.303872,3.18985,-138.012
60103515625,0.303872,3.18985,-138.012
60261718750,0.689452,3.08897,-138.203
60285156250,0.381917,3.26912,-138.514
60303710937,0.381917,3.26912,-138.514
60322265625,0.381917,3.26912,-138.514
60345703125,0.0713853,3.41041,-138.677
60364257812,0.0713853,3.41041,-138.677
60463867187,-0.269588,3.33436,-138.958
60486328125,-0.341783,3.17547,-139.089
60503906250,-0.341783,3.17547,-139.089
60522460937,-0.341783,3.17547,-139.089
60544921875,-0.409257,2.98476,-139.21
60562500000,-0.409257,2.98476,-139.21
60584960937,-0.382031,2.78656,-139.317
60604492187,-0.382031,2.78656,-139.317
60623046875,-0.382031,2.78656,-139.317
60646484375,-0.277009,2.44523,-139.386
60666015625,-0.277009,2.44523,-139.386
60689453125,-0.0728034,1.91128,-139.387
60708007812,-0.0728034,1.91128,-139.387
60731445312,0.632425,1.19986,-139.297
60750000000,0.632425,1.19986,-139.297
60769531250,0.632425,1.19986,-139.297
60792968750,2.45058,0.228101,-139.138
60811523437,2.45058,0.228101,-139.138
60834960937,5.72586,-0.882165,-139.053
60853515625,5.72586,-0.882165,-139.053
61000976562,20.8072,-4.02555,-140.201
61019531250,20.8072,-4.02555,-140.201
61042968750,51.6929,-14.5847,-138.212
61061523437,51.6929,-14.5847,-138.212
61083984375,65.068,-21.0179,-137.045
61102539062,65.068,-21.0179,-137.045
61122070312,65.068,-21.0179,-137.045
61145507812,62.8999,-18.3472,-137.361
61164062500,62.8999,-18.3472,-137.361
61186523437,55.2607,-12.6824,-138.46
61205078125,55.2607,-12.6824,-138.46
61223632812,55.2607,-12.6824,-138.46
61247070312,44.1327,-7.69456,-138.167
61264648437,44.1327,-7.69456,-138.167
61367187500,18.8098,1.1727,-137.418
61392578125,7.59738,5.82559,-138.36
61411132812,7.59738,5.82559,-138.36
61433593750,-3.0879,10.8786,-140.811
61452148437,-3.0879,10.8786,-140.811
61470703125,-3.0879,10.8786,-140.811
61494140625,-13.4924,14.5564,-144.063
61513671875,-13.4924,14.5564,-144.063
61536132812,-20.3671,16.465,-146.423
61554687500,-20.3671,16.465,-146.423
61572265625,-20.3671,16.465,-146.423
61595703125,-19.6857,15.4165,-145.123
61614257812,-19.6857,15.4165,-145.123
61637695312,-11.3596,11.778,-141.919
61786132812,-2.41129,8.33929,-141.255
61804687500,-2.41129,8.33929,-141.255
61822265625,-2.41129,8.33929,-141.255
61845703125,-1.14675,6.75999,-141.344
61864257812,-1.14675,6.75999,-141.344
61965820312,-0.621628,5.70846,-141.294
61988281250,-0.539798,5.35138,-141.211
62006835937,-0.539798,5.35138,-141.211
62024414062,-0.539798,5.35138,-141.211
62046875000,-0.26221,5.21469,-141.083
62064453125,-0.26221,5.21469,-141.083
62086914062,0.254569,5.06824,-140.862
62104492187,0.254569,5.06824,-140.862
62124023437,0.254569,5.06824,-140.862
62147460937,0.897368,4.81083,-140.606
62165039062,0.897368,4.81083,-140.606
62187500000,1.65977,4.52201,-140.333
62206054687,1.65977,4.52201,-140.333
62223632812,1.65977,4.52201,-140.333
62247070312,2.56532,4.24491,-140.031
62265625000,2.56532,4.24491,-140.031
62289062500,4.05405,3.97771,-139.678
62307617187,4.05405,3.97771,-139.678
62326171875,4.05405,3.97771,-139.678
62347656250,6.80677,3.9698,-139.299
62367187500,6.80677,3.9698,-139.299
62391601562,11.6343,4.15191,-138.818
62543945312,30.4574,3.36886,-138.016
62562500000,30.4574,3.36886,-138.016
62585937500,64.8374,-5.18572,-135.336
62604492187,64.8374,-5.18572,-135.336
62624023437,64.8374,-5.18572,-135.336
62646484375,70.0685,-8.75652,-135.481
62665039062,70.0685,-8.75652,-135.481
62687500000,62.5079,-10.2862,-134.922
62706054687,62.5079,-10.2862,-134.922
62724609375,62.5079,-10.2862,-134.922
62748046875,50.8657,-9.78586,-134.863
62774414062,50.8657,-9.78586,-134.863
62797851562,37.547,-6.8976,-135.509
62816406250,37.547,-6.8976,-135.509
62919921875,12.7687,2.39167,-138.556
62943359375,2.55628,7.55751,-140.492
62962890625,2.55628,7.55751,-140.492
62986328125,-7.09814,13.4096,-141.336
63004882812,-7.09814,13.4096,-141.336
63023437500,-7.09814,13.4096,-141.336
63047851562,-15.0181,18.3259,-141.69
63066406250,-15.0181,18.3259,-141.69
63088867187,-18.746,20.9926,-141.541
63107421875,-18.746,20.9926,-141.541
63125976562,-18.746,20.9926,-141.541
63149414062,-16.8793,20.039,-141.361
63168945312,-16.8793,20.039,-141.361
63324218750,-7.14148,9.85197,-141.904
63348632812,-1.67691,4.85869,-141.583
63368164062,-1.67691,4.85869,-141.583
63390625000,-1.35696,3.37284,-141.608
63489257812,-1.60587,2.43067,-141.517
63507812500,-1.60587,2.43067,-141.517
63525390625,-1.60587,2.43067,-141.517
63546875000,-1.39546,2.24485,-141.469
63565429687,-1.39546,2.24485,-141.469
63587890625,-0.764828,2.0617,-141.357
63606445312,-0.764828,2.0617,-141.357
63625000000,-0.764828,2.0617,-141.357
63647460937,0.19027,1.81974,-141.251
63665039062,0.19027,1.81974,-141.251
63689453125,1.4978,1.40439,-141.149
63708007812,1.4978,1.40439,-141.149
63726562500,1.4978,1.40439,-141.149
63749023437,3.5518,0.887881,-140.977
63767578125,3.5518,0.887881,-140.977
63791015625,6.77655,0.225959,-140.872
63810546875,6.77655,0.225959,-140.872
63832031250,12.244,-0.528617,-141.022
63851562500,12.244,-0.528617,-141.022
63870117187,12.244,-0.528617,-141.022
63894531250,21.1493,-1.67319,-141.681
63913085937,21.1493,-1.67319,-141.681
63935546875,36.1177,-5.04408,-141.787
63955078125,36.1177,-5.04408,-141.787
64107421875,67.8534,-16.9997,-137.691
64126953125,67.8534,-16.9997,-137.691
64149414062,51.403,-14.1824,-133.91
64168945312,51.403,-14.1824,-133.91
64192382812,38.9284,-8.607,-133.127
64211914062,38.9284,-8.607,-133.127
64233398437,25.5069,-2.73167,-132.406
64251953125,25.5069,-2.73167,-132.406
64270507812,25.5069,-2.73167,-132.406
64293945312,12.7093,3.24524,-133.17
64312500000,12.7093,3.24524,-133.17
64334960937,1.15639,9.32353,-134.598
64354492187,1.15639,9.32353,-134.598
64455078125,-17.6917,20.6474,-137.246
64475585937,-17.6917,20.6474,-137.246
64499023437,-20.5162,21.9696,-138.123
64516601562,-20.5162,21.9696,-138.123
64540039062,-17.9939,17.9174,-137.862
64558593750,-17.9939,17.9174,-137.862
64577148437,-17.9939,17.9174,-137.862
64599609375,-10.9832,11.8445,-137.823
64620117187,-10.9832,11.8445,-137.823
64641601562,-5.08594,9.29349,-137.625
64660156250,-5.08594,9.29349,-137.625
64683593750,-2.05659,6.36564,-137.864
64702148437,-2.05659,6.36564,-137.864
64720703125,-2.05659,6.36564,-137.864
64884765625,-1.56223,2.54889,-138.863
64904296875,-1.56223,2.54889,-138.863
64922851562,-1.56223,2.54889,-138.863
64946289062,-1.27182,2.30797,-138.932
65040039062,-1.27182,2.30797,-138.932
65067382812,0.247579,1.77334,-139.006
65089843750,1.6497,1.37446,-138.941
65108398437,1.6497,1.37446,-138.941
65125976562,1.6497,1.37446,-138.941
65148437500,3.90063,0.931428,-138.713
65166015625,3.90063,0.931428,-138.713
65189453125,7.96172,0.536259,-138.607
65207031250,7.96172,0.536259,-138.607
65225585937,7.96172,0.536259,-138.607
65250000000,14.6021,0.0795237,-138.712
65268554687,14.6021,0.0795237,-138.712
65291015625,25.5401,-1.19207,-139.223
65308593750,25.5401,-1.19207,-139.223
65327148437,25.5401,-1.19207,-139.223
65350585937,44.0152,-5.54762,-136.924
65370117187,44.0152,-5.54762,-136.924
65392578125,65.1506,-11.8494,-137.133
65411132812,65.1506,-11.8494,-137.133
65434570312,67.7296,-15.5182,-136.206
65453125000,67.7296,-15.5182,-136.206
65472656250,67.7296,-15.5182,-136.206
65496093750,59.7985,-13.9091,-134.617
65656250000,34.5169,-5.69313,-132.599
65674804687,34.5169,-5.69313,-132.599
65698242187,6.69447,5.44396,-133.062
65716796875,6.69447,5.44396,-133.062
65740234375,-6.6299,11.5666,-134.57
65758789062,-6.6299,11.5666,-134.57
65776367187,-6.6299,11.5666,-134.57
65799804687,-17.757,17.0897,-136.589
65818359375,-17.757,17.0897,-136.589
65841796875,-23.1945,20.7862,-137.692
65861328125,-23.1945,20.7862,-137.692
65885742187,-20.9013,19.4455,-137.406
65904296875,-20.9013,19.4455,-137.406
65922851562,-20.9013,19.4455,-137.406
66026367187,-8.17209,10.1417,-138.251
66049804687,-3.83508,7.50047,-138.008
66068359375,-3.83508,7.50047,-138.008
66090820312,-2.31579,4.47579,-138.027
66109375000,-2.31579,4.47579,-138.027
66127929687,-2.31579,4.47579,-138.027
66151367187,-2.12821,3.0099,-138.103
66170898437,-2.12821,3.0099,-138.103
66194335937,-2.21679,2.49912,-138.095
66212890625,-2.21679,2.49912,-138.095
66237304687,-2.31349,2.0605,-138.021
66255859375,-2.31349,2.0605,-138.021
66275390625,-2.31349,2.0605,-138.021
66440429687,1.53884,0.832607,-137.103
66459960937,1.53884,0.832607,-137.103
66477539062,1.53884,0.832607,-137.103
66500976562,4.46416,0.126647,-136.667
66519531250,4.46416,0.126647,-136.667
66620117187,17.7519,-1.61753,-136.767
66642578125,31.7237,-3.94971,-137.104
66660156250,31.7237,-3.94971,-137.104
66677734375,31.7237,-3.94971,-137.104
66700195312,54.6432,-9.6588,-134.707
66717773437,54.6432,-9.6588,-134.707
66740234375,72.1177,-14.9251,-133.968
66757812500,72.1177,-14.9251,-133.968
66776367187,72.1177,-14.9251,-133.968
66801757812,69.8296,-18.1732,-131.437
66820312500,69.8296,-18.1732,-131.437
66841796875,57.0233,-16.2266,-129.056
66860351562,57.0233,-16.2266,-129.056
66878906250,57.0233,-16.2266,-129.056
66902343750,43.2945,-10.7943,-128.234
66929687500,43.2945,-10.7943,-128.234
66952148437,29.2591,-3.93422,-127.679
66970703125,29.2591,-3.93422,-127.679
66993164062,14.5532,2.4877,-128.446
67012695312,14.5532,2.4877,-128.446
67035156250,0.744932,7.92189,-130.285
67053710937,0.744932,7.92189,-130.285
67203125000,-22.05,18.5032,-134.119
67221679687,-22.05,18.5032,-134.119
67244140625,-20.3374,15.5347,-132.596
67262695312,-20.3374,15.5347,-132.596
67286132812,-13.932,10.6424,-132.987
67305664062,-13.932,10.6424,-132.987
67324218750,-13.932,10.6424,-132.987
67347656250,-7.4831,8.70582,-131.73
67366210937,-7.4831,8.70582,-131.73
67389648437,-3.65443,6.42227,-131.332
67408203125,-3.65443,6.42227,-131.332
67427734375,-3.65443,6.42227,-131.332
67451171875,-2.06636,3.90141,-131.076
67468750000,-2.06636,3.90141,-131.076
67572265625,-2.03102,1.86328,-130.622
67595703125,-2.15549,1.63769,-130.366
67614257812,-2.15549,1.63769,-130.366
67638671875,-2.05842,1.6152,-130.091
67657226562,-2.05842,1.6152,-130.091
67676757812,-2.05842,1.6152,-130.091
67700195312,-1.72562,1.55174,-129.752
67717773437,-1.72562,1.55174,-129.752
67741210937,-1.28954,1.38362,-129.343
67759765625,-1.28954,1.38362,-129.343
67777343750,-1.28954,1.38362,-129.343
67800781250,-0.655424,1.11078,-128.914
67819335937,-0.655424,1.11078,-128.914
67842773437,0.318078,0.640946,-128.457
67994140625,6.61249,-1.11366,-127.145
68013671875,6.61249,-1.11366,-127.145
68036132812,27.9848,-3.71297,-127.017
68055664062,27.9848,-3.71297,-127.017
68152343750,66.77,-13.1512,-122.966
68170898437,66.77,-13.1512,-122.966
68193359375,76.0717,-18.3624,-121.026
68210937500,76.0717,-18.3624,-121.026
68228515625,76.0717,-18.3624,-121.026
68251953125,62.6015,-14.6055,-123.832
68269531250,62.6015,-14.6055,-123.832
68290039062,48.7467,-10.2703,-124.814
68308593750,48.7467,-10.2703,-124.814
68329101562,48.7467,-10.2703,-124.814
68352539062,34.7148,-6.0929,-125.197
68371093750,34.7148,-6.0929,-125.197
68393554687,21.6401,-1.38577,-125.743
68413085937,21.6401,-1.38577,-125.743
68430664062,21.6401,-1.38577,-125.743
68454101562,10.7236,3.97717,-129.046
68471679687,10.7236,3.97717,-129.046
68494140625,0.549335,9.70481,-133.149
68512695312,0.549335,9.70481,-133.149
68531250000,0.549335,9.70481,-133.149
68554687500,-8.53164,15.1948,-135.58
68574218750,-8.53164,15.1948,-135.58
68598632812,-15.2552,20.5476,-136.194
68750976562,-18.084,22.8939,-140.253
68769531250,-18.084,22.8939,-140.253
68791992187,-8.70068,13.8152,-139.201
68810546875,-8.70068,13.8152,-139.201
68829101562,-8.70068,13.8152,-139.201
68852539062,-3.98151,11.6181,-138.422
68871093750,-3.98151,11.6181,-138.422
68894531250,-1.42639,8.86073,-138.122
68913085937,-1.42639,8.86073,-138.122
68931640625,-1.42639,8.86073,-138.122
68954101562,-0.215876,6.6092,-138.061
68972656250,-0.215876,6.6092,-138.061
68996093750,0.180302,4.58908,-138.203
69099609375,0.0853218,2.74589,-138.166
69119140625,0.0853218,2.74589,-138.166
69143554687,-0.0223992,2.39605,-138.135
69162109375,-0.0223992,2.39605,-138.135
69179687500,-0.0223992,2.39605,-138.135
69203125000,-0.129481,2.13138,-138.076
69221679687,-0.129481,2.13138,-138.076
69245117187,-0.228662,1.94937,-138.001
69264648437,-0.228662,1.94937,-138.001
69289062500,-0.282887,1.79989,-137.95
69308593750,-0.282887,1.79989,-137.95
69327148437,-0.282887,1.79989,-137.95
69350585937,-0.236319,1.72997,-137.917
69369140625,-0.236319,1.72997,-137.917
69526367187,-0.0285361,1.5286,-137.812
69549804687,0.341093,0.977655,-137.657
69568359375,0.341093,0.977655,-137.657
69591796875,0.536564,0.503813,-137.536
69687500000,0.536564,0.503813,-137.536
69714843750,0.905856,-0.502849,-137.388
69738281250,1.33254,-1.14677,-137.312
69756835937,1.33254,-1.14677,-137.312
69774414062,1.33254,-1.14677,-137.312
69796875000,2.03346,-1.93046,-137.201
69814453125,2.03346,-1.93046,-137.201
69832031250,2.03346,-1.93046,-137.201
69854492187,3.57767,-2.67774,-137.153
69875000000,3.57767,-2.67774,-137.153
69898437500,6.66833,-3.69869,-137.057
69917968750,6.66833,-3.69869,-137.057
69941406250,11.2636,-5.20917,-137.065
69959960937,11.2636,-5.20917,-137.065
69978515625,11.2636,-5.20917,-137.065
70002929687,16.7698,-7.10486,-137.442
70020507812,16.7698,-7.10486,-137.442
70043945312,23.1429,-9.72163,-137.885
70062500000,23.1429,-9.72163,-137.885
70081054687,23.1429,-9.72163,-137.885
70104492187,30.409,-12.7861,-137.886
70123046875,30.409,-12.7861,-137.886
70271484375,47.1707,-19.96,-136.394
70295898437,56.1429,-26.0089,-132.818
70315429687,56.1429,-26.0089,-132.818
70337890625,57.2908,-20.2692,-136.879
70356445312,57.2908,-20.2692,-136.879
70375000000,57.2908,-20.2692,-136.879
70398437500,51.2394,-12.111,-135.973
